candidate_cap,candidate_coverage,candidates_per_query,degree_bucket,mean_latency_ms,p50_latency_ms,p95_latency_ms,p99_latency_ms,query_count,semantics,truncated_rate
1000,0.8489208633093526,641.6546762589928,11-50,5.479770137178008,5.004499806091189,10.349299991503358,11.045000050216913,278,directed,0.16546762589928057
1000,1.0,1000.0,501-1000,17.367859929800034,17.10779988206923,18.694099970161915,18.694099970161915,5,directed,1.0
1000,0.5730337078651685,160.13483146067415,0-10,1.1561202131253614,0.7743998430669308,3.7483000196516514,5.159000167623162,89,directed,0.0
1000,0.912568306010929,955.9562841530054,51-100,9.868909282955885,10.18790015950799,12.768700020387769,13.214199803769588,183,directed,0.8142076502732241
1000,0.9370786516853933,999.7640449438202,101-500,13.950551450357176,13.86459986679256,16.58489997498691,17.860100138932467,445,directed,0.9932584269662922
5000,0.8561151079136691,666.1258992805756,11-50,5.823602513812161,5.093300016596913,11.48949982598424,13.469400117173791,278,directed,0.0
5000,1.0,2109.4,501-1000,27.966019976884127,27.701799990609288,30.268799979239702,30.268799979239702,5,directed,0.0
5000,0.5730337078651685,160.13483146067415,0-10,1.1697775250028692,0.8250998798757792,3.872899804264307,5.268599838018417,89,directed,0.0
5000,0.9398907103825137,1216.360655737705,51-100,12.28962404287008,12.778900098055601,17.628800123929977,19.513699924573302,183,directed,0.0
5000,0.9842696629213483,1599.0696629213483,101-500,19.005526510705607,18.41850019991398,25.65389988012612,30.768899945542216,445,directed,0.0
10000,0.8561151079136691,666.1258992805756,11-50,6.102565833427708,5.361500196158886,12.30340008623898,13.99420015513897,278,directed,0.0
10000,1.0,2109.4,501-1000,28.44911990687251,27.735100127756596,30.873799929395318,30.873799929395318,5,directed,0.0
10000,0.5730337078651685,160.13483146067415,0-10,1.246184278070257,0.8112001232802868,3.9524000603705645,5.321600008755922,89,directed,0.0
10000,0.9398907103825137,1216.360655737705,51-100,13.070343717515387,13.550999807193875,18.23949976824224,19.422699930146337,183,directed,0.0
10000,0.9842696629213483,1599.0696629213483,101-500,19.886714377011476,19.099400145933032,27.416599914431572,32.077900134027004,445,directed,0.0
20000,0.8561151079136691,666.1258992805756,11-50,6.004684525139951,5.307199899107218,12.008500052616,13.773000100627542,278,directed,0.0
20000,1.0,2109.4,501-1000,28.513519978150725,27.5950999930501,31.118799932301044,31.118799932301044,5,directed,0.0
20000,0.5730337078651685,160.13483146067415,0-10,1.2225460684910585,0.790199963375926,4.041899926960468,5.457099759951234,89,directed,0.0
20000,0.9398907103825137,1216.360655737705,51-100,12.678942082022301,13.151400024071336,18.062499817460775,19.451600033789873,183,directed,0.0
20000,0.9842696629213483,1599.0696629213483,101-500,19.480125395727626,18.879200099036098,26.207299903035164,31.41020005568862,445,directed,0.0
unlimited,0.8561151079136691,666.1258992805756,11-50,5.984436703021738,5.262500140815973,11.730300029739738,13.235599966719747,278,directed,0.0
unlimited,1.0,2109.4,501-1000,28.757480019703507,27.708300156518817,30.879699857905507,30.879699857905507,5,directed,0.0
unlimited,0.5730337078651685,160.13483146067415,0-10,1.2153056136259202,0.831100158393383,3.852499881759286,5.180599866434932,89,directed,0.0
unlimited,0.9398907103825137,1216.360655737705,51-100,12.65608742476894,13.389300322160125,18.052800092846155,19.95089976117015,183,directed,0.0
unlimited,0.9842696629213483,1599.0696629213483,101-500,19.406071237257024,18.83099996484816,26.24220005236566,31.219499884173274,445,directed,0.0
1000,0.9437229437229437,900.3896103896104,51-100,8.109134646108398,8.266400313004851,10.896200081333518,12.383399996906519,231,mutual,0.3116883116883117
1000,0.891566265060241,655.5502008032129,11-50,5.082156222096708,4.89219999872148,8.932200027629733,10.368900140747428,249,mutual,0.06827309236947791
1000,0.9681372549019608,954.0024509803922,101-500,10.89187083234006,11.272800154983997,13.696700101718307,14.340599998831749,408,mutual,0.571078431372549
1000,0.41964285714285715,194.6875,0-10,1.4441330401626016,0.8110001217573881,4.3399001006037,5.860799923539162,112,mutual,0.0
5000,0.961038961038961,954.7619047619048,51-100,8.501095672085624,8.8404999114573,11.452999897301197,12.796000111848116,231,mutual,0.0
5000,0.891566265060241,661.7710843373494,11-50,5.21075862916149,5.189200164750218,9.646999882534146,10.475600138306618,249,mutual,0.0
5000,0.9803921568627451,1107.2818627450981,101-500,11.86994092787762,11.801599757745862,15.85210021585226,18.118900014087558,408,mutual,0.0
5000,0.41964285714285715,194.6875,0-10,1.4620151861371207,0.8332002907991409,4.477099981158972,6.074200151488185,112,mutual,0.0
10000,0.961038961038961,954.7619047619048,51-100,9.10954026090086,9.191199904307723,13.35799996741116,14.381600078195333,231,mutual,0.0
10000,0.891566265060241,661.7710843373494,11-50,5.6533357427721045,5.389799829572439,10.533799882978201,12.526099802926183,249,mutual,0.0
10000,0.9803921568627451,1107.2818627450981,101-500,12.683041192312707,12.442200211808085,17.769899917766452,21.859699860215187,408,mutual,0.0
10000,0.41964285714285715,194.6875,0-10,1.6061285859905183,0.8848998695611954,5.468300078064203,6.823400035500526,112,mutual,0.0
20000,0.961038961038961,954.7619047619048,51-100,8.689344597544956,9.056900162249804,12.020000256597996,13.285499997437,231,mutual,0.0
20000,0.891566265060241,661.7710843373494,11-50,5.250324908434507,5.205400055274367,9.697799803689122,10.600300272926688,249,mutual,0.0
20000,0.9803921568627451,1107.2818627450981,101-500,12.084778428520533,12.041800189763308,16.170799965038896,19.02049989439547,408,mutual,0.0
20000,0.41964285714285715,194.6875,0-10,1.488077680863041,0.8014999330043793,4.428699845448136,6.401799852028489,112,mutual,0.0
unlimited,0.961038961038961,954.7619047619048,51-100,8.4138727289306,8.718899916857481,11.784899746999145,12.925899820402265,231,mutual,0.0
unlimited,0.891566265060241,661.7710843373494,11-50,5.130311239503294,5.088800098747015,9.092700202018023,10.689100017771125,249,mutual,0.0
unlimited,0.9803921568627451,1107.2818627450981,101-500,11.791774265778562,11.699900031089783,15.71379997767508,17.46369991451502,408,mutual,0.0
unlimited,0.41964285714285715,194.6875,0-10,1.441159815710437,0.8237999863922596,4.734399961307645,5.904400022700429,112,mutual,0.0
