candidate_cap,candidate_coverage,candidates_per_query,held_out_positive_count,index_build_ms,index_memory_bytes_estimate,mean_latency_ms,mean_retrieval_ms,mean_scoring_ms,missed_positive_count,mrr,ndcg_at_10,p50_latency_ms,p95_latency_ms,p99_latency_ms,query_count,recall_at_10,rss_delta_bytes,semantics,truncated_rate
1000,0.876,817.467,1000,180.11580011807382,3051520,9.727115890942514,1.3269552963320166,8.400160594610497,124,0.012452380952380946,0.018458195782555656,10.805400088429451,16.0024999640882,17.46789994649589,1000,0.039,-12746752,directed,0.642
5000,0.904,1144.162,1000,305.673599941656,3051520,12.569362295558676,1.3531637974083424,11.216198498150334,96,0.012423412698412692,0.01842836215666196,13.99990008212626,23.631799966096878,27.701799990609288,1000,0.039,-4018176,directed,0.0
10000,0.904,1144.162,1000,302.0764000248164,3051520,13.191130100050941,1.4218633982818574,11.769266701769084,96,0.012423412698412692,0.01842836215666196,14.619799796491861,24.800000013783574,30.873799929395318,1000,0.039,-909312,directed,0.0
20000,0.904,1144.162,1000,312.647599959746,3051520,12.90957870008424,1.3919307012110949,11.517647998873144,96,0.012423412698412692,0.01842836215666196,14.426900073885918,24.63180013000965,28.525200206786394,1000,0.039,-45056,directed,0.0
unlimited,0.904,1144.162,1000,310.55159983225167,3051520,12.867388702463359,1.3887402003165334,11.478648502146825,96,0.012423412698412692,0.01842836215666196,14.394499827176332,24.409899953752756,28.8828001357615,1000,0.039,86016,directed,0.0
1000,0.882,782.26,1000,70.5196000635624,1987480,7.744293202646077,1.2521118000149727,6.492181402631104,118,0.037211111111111125,0.054393803992462554,8.266400313004851,12.875700136646628,13.994100037962198,1000,0.112,24576,mutual,0.322
5000,0.891,858.907,1000,60.85260002873838,1987480,8.267913598334417,1.2782970012631267,6.98961659707129,109,0.037211111111111125,0.054393803992462554,8.91899992711842,14.505700208246708,17.391700064763427,1000,0.112,-3141632,mutual,0.0
10000,0.891,858.907,1000,69.9732000939548,1987480,8.866551608312875,1.3731320051010698,7.493419603211805,109,0.037211111111111125,0.054393803992462554,9.438100038096309,15.578499995172024,19.406700041145086,1000,0.112,0,mutual,0.0
20000,0.891,858.907,1000,64.11130004562438,1987480,8.411823803326115,1.3027650045696646,7.10905879875645,109,0.037211111111111125,0.054393803992462554,9.112600004300475,14.774599811062217,16.72979979775846,1000,0.112,0,mutual,0.0
unlimited,0.891,858.907,1000,65.63109997659922,1987480,8.193505898816511,1.2768171015195549,6.916688797296956,109,0.037211111111111125,0.054393803992462554,8.813500171527267,14.546900056302547,16.73739985562861,1000,0.112,16384,mutual,0.0
