task,negative_mode,scorer,directed_strategy,seed,num_queries,num_positive,num_negative,roc_auc,average_precision,binary_runtime_seconds,mrr,precision_at_5,recall_at_5,hits_at_5,ndcg_at_5,precision_at_10,recall_at_10,hits_at_10,ndcg_at_10,precision_at_20,recall_at_20,hits_at_20,ndcg_at_20,candidate_coverage,avg_candidates,median_candidates,ranking_runtime_seconds,hard_negative_missing_sources,runtime_seconds
directed,random,random,out,42,88,100,100,0.4806,0.5198622091457228,0.0026209999923594296,0.11956393396919068,0.03181818181818182,0.1590909090909091,0.1590909090909091,0.09079500788603662,0.02840909090909092,0.2840909090909091,0.2840909090909091,0.12927018373541294,0.02954545454545453,0.5909090909090909,0.5909090909090909,0.20596050961480553,0.88,1202.83,1338.0,0.4358422000077553,0,0.43846320000011474
directed,random,common_neighbors,out,42,88,100,100,0.91095,0.914967855024162,0.003114099963568151,0.6378505379424498,0.17499999999999974,0.875,0.875,0.6869556763762236,0.09659090909090894,0.9659090909090909,0.9659090909090909,0.7159992798923666,0.04999999999999991,1.0,1.0,0.7241796426429687,0.88,1202.83,1338.0,0.38187729998026043,0,0.3849913999438286
directed,random,jaccard,out,42,88,100,100,0.8786,0.8767561859480946,0.003964099974837154,0.6278175784776722,0.16818181818181796,0.8409090909090909,0.8409090909090909,0.66754692267418,0.09431818181818166,0.9431818181818182,0.9431818181818182,0.701141386350817,0.04999999999999991,1.0,1.0,0.7153324643929095,0.88,1202.83,1338.0,0.3877397999749519,0,0.39170389994978905
directed,random,adamic_adar,out,42,88,100,100,0.90475,0.911250173121074,0.0036522000445984304,0.6247737473088409,0.16818181818181796,0.8409090909090909,0.8409090909090909,0.6664224668780577,0.09431818181818166,0.9431818181818182,0.9431818181818182,0.6990508985394932,0.04999999999999991,1.0,1.0,0.7132419765815855,0.88,1202.83,1338.0,0.33899190003285185,0,0.3426441000774503
directed,random,preferential_attachment,out,42,88,100,100,0.8828000000000001,0.8968819459269958,0.0025574000319465995,0.4154087615600774,0.12954545454545444,0.6477272727272727,0.6477272727272727,0.44539055671601324,0.08636363636363624,0.8636363636363636,0.8636363636363636,0.5155763165780093,0.04715909090909083,0.9431818181818182,0.9431818181818182,0.535183174681324,0.88,1202.83,1338.0,0.35543240001425147,0,0.35798980004619807
directed,hard,random,out,42,88,100,99,0.46494949494949495,0.4893209941284284,0.0026005000108852983,0.13643011642180095,0.03636363636363637,0.18181818181818182,0.18181818181818182,0.11124667611901318,0.02840909090909092,0.2840909090909091,0.2840909090909091,0.14198206165261207,0.030113636363636346,0.6022727272727273,0.6022727272727273,0.22180335204948146,0.88,1202.83,1338.0,0.05340610002167523,1,0.05600660003256053
directed,hard,common_neighbors,out,42,88,100,99,0.6836868686868687,0.6851052233890197,0.0035472000017762184,0.32492711395560386,0.09772727272727275,0.48863636363636365,0.48863636363636365,0.3326355029832856,0.06249999999999996,0.625,0.625,0.37791041269403375,0.045454545454545386,0.9090909090909091,0.9090909090909091,0.44967803275475976,0.88,1202.83,1338.0,0.05927769996924326,1,0.06282489997101948
directed,hard,jaccard,out,42,88,100,99,0.6968686868686869,0.6821485783629997,0.004329999967012554,0.3097897030212432,0.08409090909090913,0.42045454545454547,0.42045454545454547,0.2985448984336662,0.06477272727272722,0.6477272727272727,0.6477272727272727,0.37201653838185766,0.044886363636363565,0.8977272727272727,0.8977272727272727,0.43537733571417153,0.88,1202.83,1338.0,0.06898019998334348,1,0.07331019995035604
directed,hard,adamic_adar,out,42,88,100,99,0.6927272727272726,0.6989193536790824,0.004169399966485798,0.3023791391562784,0.08863636363636368,0.4431818181818182,0.4431818181818182,0.29991805210882205,0.06590909090909086,0.6590909090909091,0.6590909090909091,0.3706068631869029,0.043749999999999935,0.875,0.875,0.42423231736582284,0.88,1202.83,1338.0,0.06586460000835359,1,0.07003399997483939
directed,hard,preferential_attachment,out,42,88,100,99,0.5654040404040404,0.6234962715907483,0.002529999997932464,0.24771631462298255,0.07045454545454549,0.3522727272727273,0.3522727272727273,0.24046734142209303,0.046590909090909106,0.4659090909090909,0.4659090909090909,0.27741551769489453,0.039772727272727224,0.7954545454545454,0.7954545454545454,0.3578837790717843,0.88,1202.83,1338.0,0.05095060000894591,1,0.053480600006878376
mutual,random,random,undirected,42,200,100,100,0.5655,0.5518527288662035,0.0026281000464223325,0.12147485632864331,0.033000000000000015,0.165,0.165,0.09013033319695143,0.028999999999999977,0.29,0.29,0.1308063099812072,0.03324999999999992,0.665,0.665,0.22499267870997694,1.0,5383.95,5706.5,1.7243553000153042,0,1.7269834000617266
mutual,random,common_neighbors,undirected,42,200,100,100,0.9943,0.9935796881534705,0.004281300003640354,0.7776805555555558,0.19500000000000006,0.975,0.975,0.8243306438262802,0.10000000000000007,1.0,1.0,0.8327562259951492,0.05000000000000004,1.0,1.0,0.8327562259951492,1.0,5383.95,5706.5,0.7998001999803819,0,0.8040814999840222
mutual,random,jaccard,undirected,42,200,100,100,0.97325,0.9745278470914585,0.0064424999873153865,0.7201845238095236,0.18799999999999997,0.94,0.94,0.7696064196205473,0.09950000000000006,0.995,0.995,0.7874876258776454,0.05000000000000004,1.0,1.0,0.7888388166497821,1.0,5383.95,5706.5,0.8112393000046723,0,0.8176817999919876
mutual,random,adamic_adar,undirected,42,200,100,100,0.9948999999999999,0.9945807731396181,0.008162000041920692,0.7719166666666666,0.19500000000000006,0.975,0.975,0.8199852925941375,0.10000000000000007,1.0,1.0,0.8284830491686153,0.05000000000000004,1.0,1.0,0.8284830491686153,1.0,5383.95,5706.5,0.8091771000181325,0,0.8173391000600532
mutual,random,preferential_attachment,undirected,42,200,100,100,0.9723,0.9710313663691311,0.0025245000142604113,0.5048498976868541,0.15799999999999959,0.79,0.79,0.5560692721106832,0.095,0.95,0.95,0.6092986063052811,0.04975000000000003,0.995,0.995,0.6209984934734133,1.0,5383.95,5706.5,0.7528457000153139,0,0.7553702000295743
mutual,hard,random,undirected,42,200,100,100,0.5306000000000001,0.53358601569121,0.002634399977978319,0.1359562728411813,0.034000000000000016,0.17,0.17,0.10154015441543113,0.03299999999999996,0.33,0.33,0.15285156168103906,0.032999999999999925,0.66,0.66,0.23519312948793014,1.0,5383.95,5706.5,0.46608159999595955,0,0.46871599997393787
mutual,hard,common_neighbors,undirected,42,200,100,100,0.95425,0.9409926551761765,0.004532999999355525,0.7732402409681819,0.18899999999999997,0.945,0.945,0.8114373218567521,0.09900000000000006,0.99,0.99,0.8261295435917344,0.05000000000000004,1.0,1.0,0.8286418535997611,1.0,5383.95,5706.5,0.49387030000798404,0,0.49840330000733957
mutual,hard,jaccard,undirected,42,200,100,100,0.95345,0.9458937438144461,0.007149200013373047,0.6754219869999283,0.1759999999999998,0.88,0.88,0.7171719800446295,0.095,0.95,0.95,0.7405282943606872,0.04925000000000002,0.985,0.985,0.7494796107279185,1.0,5383.95,5706.5,0.5363541000406258,0,0.5435033000539988
mutual,hard,adamic_adar,undirected,42,200,100,100,0.9585,0.945857051473844,0.006467900006100535,0.7656192279942279,0.18899999999999997,0.945,0.945,0.8059695360791317,0.09850000000000005,0.985,0.985,0.8192336015596539,0.05000000000000004,1.0,1.0,0.823229507060046,1.0,5383.95,5706.5,0.5111750999931246,0,0.5176429999992251
mutual,hard,preferential_attachment,undirected,42,200,100,100,0.82535,0.7797001519654746,0.0025254999636672437,0.3805358895913818,0.13799999999999968,0.69,0.69,0.4317688330417112,0.08849999999999991,0.885,0.885,0.49555984041497775,0.048500000000000015,0.97,0.97,0.5174705031198801,1.0,5383.95,5706.5,0.4360003999900073,0,0.4385258999536745
